{"Vanilla RRR": [0.005907081576240168, 0.0071895542789357746, 0.00756673073099555, 0.007817584062973995, 0.007335606652035524, 0.0036701992467608005, 0.003385443893837512, 0.0032901576048464895, 0.0030084486274895533, 0.0028874153748996026], "Vanilla PCR": [0.0056183723824656355, 0.006878653334929202, 0.007233243976621064, 0.0074697191957793455, 0.0069044082106577975, 0.0035367680924761487, 0.0032650027893920317, 0.003157283126611024, 0.002938590718693772, 0.0028090349771737653], "Nystroem RRR": [0.005754429914034474, 0.007385990150800139, 0.007064198048853223, 0.0084479788810644, 0.008946584751030495, 0.004170541886172889, 0.0038583705269498903, 0.003897029270422306, 0.0034091488628177668, 0.002870058525367028], "Nystroem PCR": [0.0056679214990159365, 0.007230912361854856, 0.006927524122610497, 0.008110542440650636, 0.00846722726877281, 0.003992623424260207, 0.0038216431653967063, 0.0034907031192069424, 0.0034146900087557324, 0.002905628192022437], "Randomized RRR": [0.0057644938416311735, 0.006974796064079973, 0.007455313770758237, 0.005335464378971503, 0.007205750998459264, 0.003765617721721794, 0.0037380684089631635, 0.0035458196821919375, 0.0029075527364637644, 0.002752080348460315]}