{"Vanilla RRR": [0.08560237498022616, 0.2125491249607876, 0.2814204579917714, 0.5723052499815822, 0.965680000022985, 1.8643373750383034, 3.5538619169965386, 6.215089792036451, 12.134851875016466, 21.201358916936442], "Vanilla PCR": [0.0047857919707894325, 0.009082292090170085, 0.030790999997407198, 0.042323125060647726, 0.09642995800822973, 0.16275000001769513, 0.23040679201949388, 0.3733342910418287, 0.614295040955767, 0.9850497919833288], "Nystroem RRR": [0.05034020799212158, 0.04569695901591331, 0.0770501249935478, 0.06564212508965284, 0.07952095801010728, 0.063440041965805, 0.05684991693124175, 0.07900095800869167, 0.10078358300961554, 0.10374733293429017], "Nystroem PCR": [0.011271166964434087, 0.012232624925673008, 0.01567208394408226, 0.013081458979286253, 0.014205040992237628, 0.01433683407958597, 0.013197415973991156, 0.015663250000216067, 0.015263292007148266, 0.016906125005334616], "Randomized RRR": [0.011078250012360513, 0.018159041996113956, 0.0341014169389382, 0.05119629204273224, 0.09501562500372529, 0.23068754200357944, 0.43419533292762935, 0.9287575419293717, 1.8957740000914782, 3.2200758339604363]}